<?xml version="1.0" encoding="UTF-8"?>
<beans xmlns="http://www.springframework.org/schema/beans"
	xmlns:xsi="http://www.w3.org/2001/XMLSchema-instance"
	xmlns:context="http://www.springframework.org/schema/context"
	xmlns:aop="http://www.springframework.org/schema/aop"
	xmlns:tx="http://www.springframework.org/schema/tx"
	xsi:schemaLocation="http://www.springframework.org/schema/beans 
	http://www.springframework.org/schema/beans/spring-beans.xsd
	http://www.springframework.org/schema/context
	http://www.springframework.org/schema/context/spring-context.xsd
	http://www.springframework.org/schema/aop
	http://www.springframework.org/schema/aop/spring-aop.xsd
	http://www.springframework.org/schema/tx 
	http://www.springframework.org/schema/tx/spring-tx.xsd">
	
	<!-- 配置连接池: -->
	<!-- 引入外部属性文件 -->
	<context:property-placeholder location="classpath:db.properties"/>
	<!-- 配置C3P0连接池: -->
	<bean id="dataSource" class="com.mchange.v2.c3p0.ComboPooledDataSource">
		<property name="user" value="${jdbc.user}"></property>
		<property name="password" value="${jdbc.password}"></property>
		<property name="jdbcUrl" value="${jdbc.jdbcUrl}"></property>
		<property name="driverClass" value="${jdbc.driverClass}"></property>
		
		<property name="initialPoolSize" value="${jdbc.initPoolSize}"></property>
		<property name="maxPoolSize" value="${jdbc.maxPoolSize}"></property>
	</bean>
	
	<!-- Hibernate的相关信息 -->
	<bean id="sessionFactory" class="org.springframework.orm.hibernate3.LocalSessionFactoryBean">
		<!-- 注入连接池 -->
		<property name="dataSource" ref="dataSource"/>
		<!-- 配置Hibernate的其他的属性 -->
		<property name="hibernateProperties">
			<props>
				<prop key="hibernate.dialect">org.hibernate.dialect.MySQLDialect</prop>
				<prop key="hibernate.show_sql">true</prop>
				<prop key="hibernate.format_sql">true</prop>
				<prop key="hibernate.connection.autocommit">false</prop>
				<prop key="hibernate.hbm2ddl.auto">update</prop>
			</props>
		</property>
		<!-- 配置Hibernate的映射文件 -->
		<property name="mappingResources">
			<list>
				<value>cn/itcast/shop/vo/User.hbm.xml</value>
				<value>cn/itcast/shop/vo/Category.hbm.xml</value>
				<value>cn/itcast/shop/vo/Product.hbm.xml</value>
				<value>cn/itcast/shop/vo/CategorySecond.hbm.xml</value>
				<value>cn/itcast/shop/vo/Order.hbm.xml</value>
				<value>cn/itcast/shop/vo/OrderItem.hbm.xml</value>
				<value>cn/itcast/shop/admin/vo/AdminUser.hbm.xml</value>
			</list>
		</property>
	</bean>
	
	<!-- 事务管理: -->
	<!-- 事务管理器 -->
	<bean id="transactionManager" class="org.springframework.orm.hibernate3.HibernateTransactionManager">
		<property name="sessionFactory" ref="sessionFactory"/>
	</bean>
	
	<!-- 开启注解事务 -->
	<tx:annotation-driven transaction-manager="transactionManager"/>
	
	<!-- Action的配置 ===========================-->
	
	<!-- 首页访问的Action -->
	<bean id="indexAction" class="cn.itcast.shop.action.IndexAction" scope="prototype">
		<property name="categoryService" ref="categoryService"/>
		<property name="productsService" ref="productsService"></property>
	</bean>
	
	<!-- 配置验证码Action -->
	<bean id="checkImgAction" class="cn.itcast.shop.action.CheckImgAction" scope="prototype">
		
	</bean>
	
	<!-- 用户模块的Action -->
	<bean id="userAction" class="cn.itcast.shop.action.UserAction" scope="prototype">
		<!-- 注入Service -->
		<property name="userService" ref="userService"/>
	</bean>
	
	<!-- 商品模块 -->
	<bean id="productAction" class="cn.itcast.shop.action.ProductAction" scope="prototype">
		<property name="productsService" ref="productsService"></property>
	</bean>

	<!-- 购物车 -->
	<bean id="cartAction" class="cn.itcast.shop.action.CartAction" scope="prototype">
		<property name="productsService" ref="productsService"></property>
	</bean>
	<!-- 购物人 -->
	<bean id="orderAction" class="cn.itcast.shop.action.OrderAction" scope="prototype">
		<property name="orderService" ref="orderService"></property>
		<property name="productsService" ref="productsService"></property>
	</bean>
	<bean id="adminUserAction" class="cn.itcast.shop.admin.action.AdminUserAction" scope="prototype">
		<property name="adminUserService" ref="adminUserService"></property>
	</bean>
	<bean id="adminCategoryAction" class="cn.itcast.shop.admin.action.AdminCategoryAction" scope="prototype">
		<property name="categoryService" ref="categoryService"></property>
	</bean>
	<bean id="adminCategorySecondAction" class="cn.itcast.shop.admin.action.AdminCategorySecondAction"
		scope="prototype">
		<property name="adminCategorySecondService" ref="adminCategorySecondService"></property>
		<property name="categoryService" ref="categoryService"></property>
	</bean>
	<bean id="adminProductAction" class="cn.itcast.shop.admin.action.AdminProductAction">
		<property name="productsService" ref="productsService"></property>
		<property name="adminCategorySecondService" ref="adminCategorySecondService"></property>
	</bean>
	<bean id="adminOrderAction" class="cn.itcast.shop.admin.action.AdminOrderAction"
			scope="prototype">
		<property name="orderService" ref="orderService"></property>
	</bean>
	
	<bean id="privilegeInterceptor" class="cn.itcast.shop.interceptor.PrivilegeInterceptor2"></bean>
	
	<!-- Service的配置  ===========================-->
	<bean id="userService" class="cn.itcast.shop.service.UserService">
		<property name="userDao" ref="userDao"/>
	</bean>
	
	<bean id="categoryService" class="cn.itcast.shop.service.CategoryService">
		<property name="categoryDao" ref="categoryDao"/>
	</bean>
	
	<bean id="productsService" class="cn.itcast.shop.service.ProductsService">
		<property name="productsDao" ref="productDao"></property>
	</bean>
	
	<bean id="orderService" class="cn.itcast.shop.service.OrderService" >
		<property name="orderDao" ref="orderDao"></property>
	</bean>
	<bean id="adminUserService" class="cn.itcast.shop.admin.service.AdminUserService">
		<property name="adminUserDao" ref="adminUserDao"></property>
	</bean>
	<bean id="adminCategorySecondService" class="cn.itcast.shop.admin.service.AdminCategorySecondService">
		<property name="adminCategorySecondDao" ref="adminCategorySecondDao"></property>
	</bean>
	
	
	
	
	<!-- Dao的配置  ===========================-->
	<bean id="userDao" class="cn.itcast.shop.dao.UserDao">
		<property name="sessionFactory" ref="sessionFactory"/>
	</bean>
	
	<bean id="categoryDao" class="cn.itcast.shop.dao.CategoryDao">
		<property name="sessionFactory" ref="sessionFactory"/>
	</bean>	
	<bean id="productDao" class="cn.itcast.shop.dao.ProductsDao">
		<property name="sessionFactory" ref="sessionFactory"></property>
	</bean>
	<bean id="orderDao" class="cn.itcast.shop.dao.OrderDao">
		<property name="sessionFactory" ref="sessionFactory"></property>
	</bean>
	<bean id="adminUserDao" class="cn.itcast.shop.admin.dao.AdminUserDao">
		<property name="sessionFactory" ref="sessionFactory"></property>
	</bean>
	<bean id="adminCategorySecondDao" class="cn.itcast.shop.admin.dao.AdminCategorySecondDao">
		<property name="sessionFactory" ref="sessionFactory"></property>
	</bean>
	
</beans>
