<?xml version="1.0" encoding="UTF-8" ?>
<!DOCTYPE struts PUBLIC
	"-//Apache Software Foundation//DTD Struts Configuration 2.3//EN"
	"http://struts.apache.org/dtds/struts-2.3.dtd">

<struts>
	<constant name="struts.devMode" value="false" />
	<package name="shop" extends="struts-default" namespace="/">
		
		<!-- 配置自定义拦截器 -->
		<interceptors>
			<interceptor name="privilegeInterceptor2" class="privilegeInterceptor">
			</interceptor>	
		</interceptors>
		
		
		<global-results>
			<result name="msg">/WEB-INF/jsp/msg.jsp</result>
			<result name="loginFail">/admin/index.jsp</result>
		</global-results>
	
		<action name="index" class="indexAction"> 
			<result name="index">/WEB-INF/jsp/index.jsp</result>
		</action>
		
		<action name="user_*" class="userAction" method="{1}">
			<result name="register">/WEB-INF/jsp/regist.jsp</result>
			<result name="input">/WEB-INF/jsp/regist.jsp</result>
			<result name="msg">/WEB-INF/jsp/msg.jsp</result>
			<result name="login">/WEB-INF/jsp/login.jsp</result>
			<result name="loginSuccess" type="redirectAction">index</result>
			<result name="quit" type="redirectAction">index</result>
			<result name="checkcodeFail">/WEB-INF/jsp/regist.jsp</result>
		</action>
		
		<action name="checkImg" class="checkImgAction"></action>
		
		<action name="product_*" class="productAction" method="{1}">
			<result name="findByid">/WEB-INF/jsp/product.jsp</result>
			<result name="findByCid">/WEB-INF/jsp/productList.jsp</result>
			<result name="findByCsid">/WEB-INF/jsp/productList.jsp</result>
		</action>
		
		<action name="cart_*" class="cartAction" method="{1}">
			<result name="addCart">/WEB-INF/jsp/cart.jsp</result>
			<result name="clearCart">/WEB-INF/jsp/cart.jsp</result>
			<result name="removeCart">/WEB-INF/jsp/cart.jsp</result>
			<result name="MyCart">/WEB-INF/jsp/cart.jsp</result>
		</action>
		
		<action name="order_*" class="orderAction" method="{1}">
			<result name="save">/WEB-INF/jsp/order.jsp</result>
			<result name="msg">/WEB-INF/jsp/msg.jsp</result>
			<result name="login">/WEB-INF/jsp/login.jsp</result>
			<result name="findByUid">/WEB-INF/jsp/orderList.jsp</result>
			<result name="findByOid">/WEB-INF/jsp/order.jsp</result>
			<result name="updateState" type="redirectAction">order_findByUid.action?page=1</result>
		</action>
		
		<action name="adminUser_*" class="adminUserAction" method="{1}">
			<result name="loginFail">/admin/index.jsp</result>
			<result name="loginSuccess" type="redirect">/admin/home.jsp</result>
		</action>
		<action name="adminCategory_*" class="adminCategoryAction" method="{1}">
			<result name="findAll">/admin/category/list.jsp</result>
			<result name="saveSuccess" type="redirectAction">adminCategory_findAll</result>
			<result name="delete" type="redirectAction">adminCategory_findAll</result>
			<result name="editSuccess">/admin/category/edit.jsp</result>
			<result name="updateSuccess" type="redirectAction">adminCategory_findAll</result>
			<interceptor-ref name="defaultStack"/>
			<interceptor-ref name="privilegeInterceptor2"/>
			
		</action>
		
		<action name="adminCategorySecond_*" class="adminCategorySecondAction" method="{1}">
			<result name="findAll">/admin/categorysecond/list.jsp</result>
			<result name="addSuccess">/admin/categorysecond/add.jsp</result>
			<result name="saveSuccess" type="redirectAction">adminCategorySecond_findAll?page=1</result>
			<result name="deleteSuccess" type="redirectAction">adminCategorySecond_findAll?page=1</result>
			<result name="editSuccess">/admin/categorysecond/edit.jsp</result>
			<result name="updateSuccess" type="redirectAction">adminCategorySecond_findAll?page=1</result>
			<interceptor-ref name="defaultStack"/>
			<interceptor-ref name="privilegeInterceptor2"/>
		</action>
		
		<action name="adminProduct_*" class="adminProductAction" method="{1}">
			<result name="findAll">/admin/product/list.jsp</result>
			<result name="addPageSuccess">/admin/product/add.jsp</result>
			<result name="saveSuccess" type="redirectAction">adminProduct_findAll?page=1</result>
			<result name="deleteSuccess" type="redirectAction">adminProduct_findAll?page=1</result>
			<result name="editSuccess">/admin/product/edit.jsp</result>
			<result name="updateSuccess" type="redirectAction">adminProduct_findAll?page=1</result>
			<interceptor-ref name="defaultStack"/>
			<interceptor-ref name="privilegeInterceptor2"/>
		</action>
		
		<action name="adminOrder_*" class="adminOrderAction" method="{1}">
			<result name="findAll">/admin/order/list.jsp</result>
			<result name="findOrderItem">/admin/order/orderItem.jsp</result>
			<result name="updateState" type="redirectAction" >adminOrder_findAll?page=1</result>
			<interceptor-ref name="defaultStack"/>
			<interceptor-ref name="privilegeInterceptor2"/>
		</action>
		
	</package>
	
</struts>
 