<?xml version="1.0"?>
<!DOCTYPE hibernate-mapping PUBLIC 
	"-//Hibernate/Hibernate Mapping DTD 3.0//EN"
	"http://hibernate.sourceforge.net/hibernate-mapping-3.0.dtd">

<!-- Generated 2016-3-6 15:43:19 by Hibernate Tools 3.4.0.CR1 -->
<hibernate-mapping>

<class
    name="cn.itcast.shop.vo.CartItem"
    table="CARTITEM"
>

	<id 
        name="product"
        type="cn.itcast.shop.vo.Product"
    >
    
<column name="PRODUCT" />
	    <generator class="assigned" />
    </id>




    <property
        name="count"
	    type="int"
    >
<column name="COUNT" />
  </property>

    <property
        name="subtotal"
	    type="double"
        access="field"
    >
<column name="SUBTOTAL" />
  </property>


</class>

</hibernate-mapping>