<?xml version="1.0"?>
<!DOCTYPE hibernate-mapping PUBLIC "-//Hibernate/Hibernate Mapping DTD 3.0//EN"
"http://hibernate.sourceforge.net/hibernate-mapping-3.0.dtd">
<!-- Generated 2016-3-6 15:44:55 by Hibernate Tools 3.4.0.CR1 -->
<hibernate-mapping>
    <class name="cn.itcast.shop.vo.Category" table="CATEGORY">
        <id name="cid" type="java.lang.Integer">
            <column name="CID" />
            <generator class="native" />
        </id>
        <property name="cname" type="java.lang.String">
            <column name="CNAME" />
        </property>
        <set name="categorySeconds" table="CATEGORYSECOND" lazy="false" cascade="delete">
            <key>
                <column name="CID" />
            </key>
            <one-to-many class="cn.itcast.shop.vo.CategorySecond" />
        </set>
    </class>
</hibernate-mapping>
