<?xml version="1.0"?>
<!DOCTYPE hibernate-mapping PUBLIC "-//Hibernate/Hibernate Mapping DTD 3.0//EN"
"http://hibernate.sourceforge.net/hibernate-mapping-3.0.dtd">
<!-- Generated 2016-3-6 15:44:55 by Hibernate Tools 3.4.0.CR1 -->
<hibernate-mapping>
    <class name="cn.itcast.shop.vo.CategorySecond" table="CATEGORYSECOND">
        <id name="csid" type="java.lang.Integer">
            <column name="CSID" />
            <generator class="native" />
        </id>
        <property name="csname" type="java.lang.String">
            <column name="CSNAME" />
        </property>
        <many-to-one name="category" class="cn.itcast.shop.vo.Category" lazy="false">
            <column name="CATEGORY" />
        </many-to-one>
        <set name="products" table="PRODUCT" >
            <key>
                <column name="CSID" />
            </key>
            <one-to-many class="cn.itcast.shop.vo.Product" />
        </set>
    </class>
</hibernate-mapping>
