<?xml version="1.0"?>
<!DOCTYPE hibernate-mapping PUBLIC "-//Hibernate/Hibernate Mapping DTD 3.0//EN"
"http://hibernate.sourceforge.net/hibernate-mapping-3.0.dtd">
<!-- Generated 2016-3-6 15:44:55 by Hibernate Tools 3.4.0.CR1 -->
<hibernate-mapping>
    <class name="cn.itcast.shop.vo.OrderItem" table="ORDERITEM">
        <id name="itemid" type="java.lang.Integer">
            <column name="ITEMID" />
            <generator class="native" />
        </id>
        <property name="count" type="java.lang.Integer">
            <column name="COUNT" />
        </property>
        <property name="subtotal" type="java.lang.Double">
            <column name="SUBTOTAL" />
        </property>
        
        <many-to-one name="order" column="oid" class="cn.itcast.shop.vo.Order">
        </many-to-one>
        
        <many-to-one name="product" lazy="false" 
        class="cn.itcast.shop.vo.Product" column="pid">
        </many-to-one>
        
    </class>
</hibernate-mapping>
