<?xml version="1.0"?>
<!DOCTYPE hibernate-mapping PUBLIC "-//Hibernate/Hibernate Mapping DTD 3.0//EN"
"http://hibernate.sourceforge.net/hibernate-mapping-3.0.dtd">
<!-- Generated 2016-3-6 15:44:55 by Hibernate Tools 3.4.0.CR1 -->
<hibernate-mapping>
    <class name="cn.itcast.shop.vo.Product" table="product">
		<id name="pid">
			<generator class="native"/>
		</id>
		<property name="pname"/>
		<property name="market_price"/>
		<property name="shop_price"/>
		<property name="image"/>
		<property name="pdesc"/>
		<property name="is_hot"/>
		<property name="pdate"/>
		
		<many-to-one name="categorySecond" lazy="false" class="cn.itcast.shop.vo.CategorySecond" column="csid"/>
	</class>
</hibernate-mapping>
