<?xml version="1.0"?>
<!DOCTYPE hibernate-mapping PUBLIC "-//Hibernate/Hibernate Mapping DTD 3.0//EN"
"http://hibernate.sourceforge.net/hibernate-mapping-3.0.dtd">
<!-- Generated 2016-3-6 15:44:55 by Hibernate Tools 3.4.0.CR1 -->
<hibernate-mapping>
    <class name="cn.itcast.shop.vo.User" table="USER">
        <id name="uid" type="java.lang.Integer">
            <column name="UID" />
            <generator class="assigned" />
        </id>
        <property name="username" type="java.lang.String">
            <column name="USERNAME" />
        </property>
        <property name="password" type="java.lang.String">
            <column name="PASSWORD" />
        </property>
        <property name="name" type="java.lang.String">
            <column name="NAME" />
        </property>
        <property name="email" type="java.lang.String">
            <column name="EMAIL" />
        </property>
        <property name="phone" type="java.lang.String">
            <column name="PHONE" />
        </property>
        <property name="addr" type="java.lang.String">
            <column name="ADDR" />
        </property>
        <property name="state" type="java.lang.Integer">
            <column name="STATE" />
        </property>
        <property name="code" type="java.lang.String">
            <column name="CODE" />
        </property>
        
        <set name="orders" cascade="delete">
        	<key column="uid"></key>
        	<one-to-many class="cn.itcast.shop.vo.Order"/>
        </set>
        
    </class>
</hibernate-mapping>
