<?xml version="1.0"?>
<!DOCTYPE hibernate-mapping PUBLIC "-//Hibernate/Hibernate Mapping DTD 3.0//EN"
"http://hibernate.sourceforge.net/hibernate-mapping-3.0.dtd">
<!-- Generated 2016-3-8 20:43:56 by Hibernate Tools 3.4.0.CR1 -->
<hibernate-mapping>
    <class name="cn.itcast.shop.admin.vo.AdminUser" table="ADMINUSER">
        <id name="uid" type="java.lang.Integer">
            <column name="UID" />
            <generator class="assigned" />
        </id>
        <property name="username" type="java.lang.String">
            <column name="USERNAME" />
        </property>
        <property name="password" type="java.lang.String">
            <column name="PASSWORD" />
        </property>
    </class>
</hibernate-mapping>
